"COUNTRY","INDEX_TYPE","COICOP_1999","TYPE_OF_TRANSFORMATION","FREQUENCY","TIME_PERIOD","OBS_VALUE","SCALE"
"China, People's Republic of","Consumer price index (CPI)","All Items","Standard reference period (2010=100), Index","Quarterly","1997-Q1","82.70614469232095","Units"
"China, People's Republic of","Consumer price index (CPI)","All Items","Standard reference period (2010=100), Index","Quarterly","1997-Q2","82.80674054606427","Units"
"China, People's Republic of","Consumer price index (CPI)","All Items","Standard reference period (2010=100), Index","Quarterly","1997-Q3","82.01981792159014","Units"
"China, People's Republic of","Consumer price index (CPI)","All Items","Standard reference period (2010=100), Index","Quarterly","1997-Q4","82.36316077453932","Units"
"China, People's Republic of","Consumer price index (CPI)","All Items","Standard reference period (2010=100), Index","Quarterly","1998-Q1","82.95338265415887","Units"
"China, People's Republic of","Consumer price index (CPI)","All Items","Standard reference period (2010=100), Index","Quarterly","1998-Q2","82.09086571957631","Units"
"China, People's Republic of","Consumer price index (CPI)","All Items","Standard reference period (2010=100), Index","Quarterly","1998-Q3","80.84379248334205","Units"
"China, People's Republic of","Consumer price index (CPI)","All Items","Standard reference period (2010=100), Index","Quarterly","1998-Q4","81.45711440481602","Units"
"China, People's Republic of","Consumer price index (CPI)","All Items","Standard reference period (2010=100), Index","Quarterly","1999-Q1","81.76406379559834","Units"
"China, People's Republic of","Consumer price index (CPI)","All Items","Standard reference period (2010=100), Index","Quarterly","1999-Q2","80.31188047629838","Units"
"China, People's Republic of","Consumer price index (CPI)","All Items","Standard reference period (2010=100), Index","Quarterly","1999-Q3","79.90281830338606","Units"
"China, People's Republic of","Consumer price index (CPI)","All Items","Standard reference period (2010=100), Index","Quarterly","1999-Q4","80.77873975726151","Units"
"China, People's Republic of","Consumer price index (CPI)","All Items","Standard reference period (2010=100), Index","Quarterly","2000-Q1","81.8465590616067","Units"
"China, People's Republic of","Consumer price index (CPI)","All Items","Standard reference period (2010=100), Index","Quarterly","2000-Q2","80.38972667727942","Units"
"China, People's Republic of","Consumer price index (CPI)","All Items","Standard reference period (2010=100), Index","Quarterly","2000-Q3","80.11376962899986","Units"
"China, People's Republic of","Consumer price index (CPI)","All Items","Standard reference period (2010=100), Index","Quarterly","2000-Q4","81.53003379331868","Units"
"China, People's Republic of","Consumer price index (CPI)","All Items","Standard reference period (2010=100), Index","Quarterly","2001-Q1","82.38980743769213","Units"
"China, People's Republic of","Consumer price index (CPI)","All Items","Standard reference period (2010=100), Index","Quarterly","2001-Q2","81.64961902664043","Units"
"China, People's Republic of","Consumer price index (CPI)","All Items","Standard reference period (2010=100), Index","Quarterly","2001-Q3","80.74876012469574","Units"
"China, People's Republic of","Consumer price index (CPI)","All Items","Standard reference period (2010=100), Index","Quarterly","2001-Q4","81.42100723617567","Units"
"China, People's Republic of","Consumer price index (CPI)","All Items","Standard reference period (2010=100), Index","Quarterly","2002-Q1","81.90626621751338","Units"
"China, People's Republic of","Consumer price index (CPI)","All Items","Standard reference period (2010=100), Index","Quarterly","2002-Q2","80.84018603951573","Units"
"China, People's Republic of","Consumer price index (CPI)","All Items","Standard reference period (2010=100), Index","Quarterly","2002-Q3","80.13694231249533","Units"
"China, People's Republic of","Consumer price index (CPI)","All Items","Standard reference period (2010=100), Index","Quarterly","2002-Q4","80.93804287608764","Units"
"China, People's Republic of","Consumer price index (CPI)","All Items","Standard reference period (2010=100), Index","Quarterly","2003-Q1","82.29091652599466","Units"
"China, People's Republic of","Consumer price index (CPI)","All Items","Standard reference period (2010=100), Index","Quarterly","2003-Q2","81.33285446824071","Units"
"China, People's Republic of","Consumer price index (CPI)","All Items","Standard reference period (2010=100), Index","Quarterly","2003-Q3","80.78357256291029","Units"
"China, People's Republic of","Consumer price index (CPI)","All Items","Standard reference period (2010=100), Index","Quarterly","2003-Q4","83.06551570971627","Units"
"China, People's Republic of","Consumer price index (CPI)","All Items","Standard reference period (2010=100), Index","Quarterly","2004-Q1","84.5647409011537","Units"
"China, People's Republic of","Consumer price index (CPI)","All Items","Standard reference period (2010=100), Index","Quarterly","2004-Q2","84.84547520559183","Units"
"China, People's Republic of","Consumer price index (CPI)","All Items","Standard reference period (2010=100), Index","Quarterly","2004-Q3","84.95578794708522","Units"
"China, People's Republic of","Consumer price index (CPI)","All Items","Standard reference period (2010=100), Index","Quarterly","2004-Q4","85.63150476518479","Units"
"China, People's Republic of","Consumer price index (CPI)","All Items","Standard reference period (2010=100), Index","Quarterly","2005-Q1","86.88675232255619","Units"
"China, People's Republic of","Consumer price index (CPI)","All Items","Standard reference period (2010=100), Index","Quarterly","2005-Q2","86.27081530200437","Units"
"China, People's Republic of","Consumer price index (CPI)","All Items","Standard reference period (2010=100), Index","Quarterly","2005-Q3","86.06685893912006","Units"
"China, People's Republic of","Consumer price index (CPI)","All Items","Standard reference period (2010=100), Index","Quarterly","2005-Q4","86.81284586234276","Units"
"China, People's Republic of","Consumer price index (CPI)","All Items","Standard reference period (2010=100), Index","Quarterly","2006-Q1","88.11541303930272","Units"
"China, People's Republic of","Consumer price index (CPI)","All Items","Standard reference period (2010=100), Index","Quarterly","2006-Q2","87.70155651808099","Units"
"China, People's Republic of","Consumer price index (CPI)","All Items","Standard reference period (2010=100), Index","Quarterly","2006-Q3","87.43725204363365","Units"
"China, People's Republic of","Consumer price index (CPI)","All Items","Standard reference period (2010=100), Index","Quarterly","2006-Q4","88.49069684912604","Units"
"China, People's Republic of","Consumer price index (CPI)","All Items","Standard reference period (2010=100), Index","Quarterly","2007-Q1","90.53656320858978","Units"
"China, People's Republic of","Consumer price index (CPI)","All Items","Standard reference period (2010=100), Index","Quarterly","2007-Q2","90.86638617022795","Units"
"China, People's Republic of","Consumer price index (CPI)","All Items","Standard reference period (2010=100), Index","Quarterly","2007-Q3","92.84925513474913","Units"
"China, People's Republic of","Consumer price index (CPI)","All Items","Standard reference period (2010=100), Index","Quarterly","2007-Q4","94.43544946267614","Units"
"China, People's Republic of","Consumer price index (CPI)","All Items","Standard reference period (2010=100), Index","Quarterly","2008-Q1","97.86691666785951","Units"
"China, People's Republic of","Consumer price index (CPI)","All Items","Standard reference period (2010=100), Index","Quarterly","2008-Q2","98.01162736290969","Units"
"China, People's Republic of","Consumer price index (CPI)","All Items","Standard reference period (2010=100), Index","Quarterly","2008-Q3","97.7824301662788","Units"
"China, People's Republic of","Consumer price index (CPI)","All Items","Standard reference period (2010=100), Index","Quarterly","2008-Q4","96.87235004895828","Units"
"China, People's Republic of","Consumer price index (CPI)","All Items","Standard reference period (2010=100), Index","Quarterly","2009-Q1","97.25456899898318","Units"
"China, People's Republic of","Consumer price index (CPI)","All Items","Standard reference period (2010=100), Index","Quarterly","2009-Q2","96.51105189155624","Units"
"China, People's Republic of","Consumer price index (CPI)","All Items","Standard reference period (2010=100), Index","Quarterly","2009-Q3","96.54133063676162","Units"
"China, People's Republic of","Consumer price index (CPI)","All Items","Standard reference period (2010=100), Index","Quarterly","2009-Q4","97.38264475823255","Units"
"China, People's Republic of","Consumer price index (CPI)","All Items","Standard reference period (2010=100), Index","Quarterly","2010-Q1","99.26924645620954","Units"
"China, People's Republic of","Consumer price index (CPI)","All Items","Standard reference period (2010=100), Index","Quarterly","2010-Q2","99.13429537928652","Units"
"China, People's Republic of","Consumer price index (CPI)","All Items","Standard reference period (2010=100), Index","Quarterly","2010-Q3","99.69298651365198","Units"
"China, People's Republic of","Consumer price index (CPI)","All Items","Standard reference period (2010=100), Index","Quarterly","2010-Q4","101.9034716508517","Units"
"China, People's Republic of","Consumer price index (CPI)","All Items","Standard reference period (2010=100), Index","Quarterly","2011-Q1","104.4547229992622","Units"
"China, People's Republic of","Consumer price index (CPI)","All Items","Standard reference period (2010=100), Index","Quarterly","2011-Q2","105.0368474724234","Units"
"China, People's Republic of","Consumer price index (CPI)","All Items","Standard reference period (2010=100), Index","Quarterly","2011-Q3","106.1116702855735","Units"
"China, People's Republic of","Consumer price index (CPI)","All Items","Standard reference period (2010=100), Index","Quarterly","2011-Q4","106.6123549330404","Units"
"China, People's Republic of","Consumer price index (CPI)","All Items","Standard reference period (2010=100), Index","Quarterly","2012-Q1","108.3480585773647","Units"
"China, People's Republic of","Consumer price index (CPI)","All Items","Standard reference period (2010=100), Index","Quarterly","2012-Q2","107.9475082955685","Units"
"China, People's Republic of","Consumer price index (CPI)","All Items","Standard reference period (2010=100), Index","Quarterly","2012-Q3","108.1254674970318","Units"
"China, People's Republic of","Consumer price index (CPI)","All Items","Standard reference period (2010=100), Index","Quarterly","2012-Q4","108.8546015595305","Units"
"China, People's Republic of","Consumer price index (CPI)","All Items","Standard reference period (2010=100), Index","Quarterly","2013-Q1","111.0173440464085","Units"
"China, People's Republic of","Consumer price index (CPI)","All Items","Standard reference period (2010=100), Index","Quarterly","2013-Q2","110.5284700751691","Units"
"China, People's Republic of","Consumer price index (CPI)","All Items","Standard reference period (2010=100), Index","Quarterly","2013-Q3","111.0810934959879","Units"
"China, People's Republic of","Consumer price index (CPI)","All Items","Standard reference period (2010=100), Index","Quarterly","2013-Q4","112.0050994432018","Units"
"China, People's Republic of","Consumer price index (CPI)","All Items","Standard reference period (2010=100), Index","Quarterly","2014-Q1","113.5047519384101","Units"
"China, People's Republic of","Consumer price index (CPI)","All Items","Standard reference period (2010=100), Index","Quarterly","2014-Q2","112.8918316824808","Units"
"China, People's Republic of","Consumer price index (CPI)","All Items","Standard reference period (2010=100), Index","Quarterly","2014-Q3","113.1982896739266","Units"
"China, People's Republic of","Consumer price index (CPI)","All Items","Standard reference period (2010=100), Index","Quarterly","2014-Q4","113.581367504531","Units"
"China, People's Republic of","Consumer price index (CPI)","All Items","Standard reference period (2010=100), Index","Quarterly","2015-Q1","114.8071994703142","Units"
"China, People's Republic of","Consumer price index (CPI)","All Items","Standard reference period (2010=100), Index","Quarterly","2015-Q2","114.4241301857852","Units"
"China, People's Republic of","Consumer price index (CPI)","All Items","Standard reference period (2010=100), Index","Quarterly","2015-Q3","115.2285808109413","Units"
"China, People's Republic of","Consumer price index (CPI)","All Items","Standard reference period (2010=100), Index","Quarterly","2015-Q4","115.2285808109413","Units"
"China, People's Republic of","Consumer price index (CPI)","All Items","Standard reference period (2010=100), Index","Quarterly","2016-Q1","117.2205684379333","Units"
"China, People's Republic of","Consumer price index (CPI)","All Items","Standard reference period (2010=100), Index","Quarterly","2016-Q2","116.8374906073289","Units"
"China, People's Republic of","Consumer price index (CPI)","All Items","Standard reference period (2010=100), Index","Quarterly","2016-Q3","117.105645088752","Units"
"China, People's Republic of","Consumer price index (CPI)","All Items","Standard reference period (2010=100), Index","Quarterly","2016-Q4","117.7185653446813","Units"
"China, People's Republic of","Consumer price index (CPI)","All Items","Standard reference period (2010=100), Index","Quarterly","2017-Q1","118.9060895274041","Units"
"China, People's Republic of","Consumer price index (CPI)","All Items","Standard reference period (2010=100), Index","Quarterly","2017-Q2","118.5996272629206","Units"
"China, People's Republic of","Consumer price index (CPI)","All Items","Standard reference period (2010=100), Index","Quarterly","2017-Q3","118.982705093525","Units"
"China, People's Republic of","Consumer price index (CPI)","All Items","Standard reference period (2010=100), Index","Quarterly","2017-Q4","119.8637798308774","Units"
"China, People's Republic of","Consumer price index (CPI)","All Items","Standard reference period (2010=100), Index","Quarterly","2018-Q1","121.4343775711669","Units"
"China, People's Republic of","Consumer price index (CPI)","All Items","Standard reference period (2010=100), Index","Quarterly","2018-Q2","120.6299269460108","Units"
"China, People's Republic of","Consumer price index (CPI)","All Items","Standard reference period (2010=100), Index","Quarterly","2018-Q3","121.7025320525899","Units"
"China, People's Republic of","Consumer price index (CPI)","All Items","Standard reference period (2010=100), Index","Quarterly","2018-Q4","122.4686748946856","Units"
"China, People's Republic of","Consumer price index (CPI)","All Items","Standard reference period (2010=100), Index","Quarterly","2019-Q1","123.6562033504461","Units"
"China, People's Republic of","Consumer price index (CPI)","All Items","Standard reference period (2010=100), Index","Quarterly","2019-Q2","123.8477422657483","Units"
"China, People's Republic of","Consumer price index (CPI)","All Items","Standard reference period (2010=100), Index","Quarterly","2019-Q3","125.1884975807128","Units"
"China, People's Republic of","Consumer price index (CPI)","All Items","Standard reference period (2010=100), Index","Quarterly","2019-Q4","127.6401743313924","Units"
"China, People's Republic of","Consumer price index (CPI)","All Items","Standard reference period (2010=100), Index","Quarterly","2020-Q1","129.7854016367016","Units"
"China, People's Republic of","Consumer price index (CPI)","All Items","Standard reference period (2010=100), Index","Quarterly","2020-Q2","127.2187887177276","Units"
"China, People's Republic of","Consumer price index (CPI)","All Items","Standard reference period (2010=100), Index","Quarterly","2020-Q3","127.6401828774678","Units"
"China, People's Republic of","Consumer price index (CPI)","All Items","Standard reference period (2010=100), Index","Quarterly","2020-Q4","127.7934011905964","Units"
"China, People's Republic of","Consumer price index (CPI)","All Items","Standard reference period (2010=100), Index","Quarterly","2021-Q1","129.6439640885364","Units"
"China, People's Republic of","Consumer price index (CPI)","All Items","Standard reference period (2010=100), Index","Quarterly","2021-Q2","128.8320869238422","Units"
"China, People's Republic of","Consumer price index (CPI)","All Items","Standard reference period (2010=100), Index","Quarterly","2021-Q3","128.9175476780206","Units"
"China, People's Republic of","Consumer price index (CPI)","All Items","Standard reference period (2010=100), Index","Quarterly","2021-Q4","130.0712678594281","Units"
"China, People's Republic of","Consumer price index (CPI)","All Items","Standard reference period (2010=100), Index","Quarterly","2022-Q1","131.1395272866573","Units"
"China, People's Republic of","Consumer price index (CPI)","All Items","Standard reference period (2010=100), Index","Quarterly","2022-Q2","131.7377525659057","Units"
"China, People's Republic of","Consumer price index (CPI)","All Items","Standard reference period (2010=100), Index","Quarterly","2022-Q3","132.335977845154","Units"
"China, People's Republic of","Consumer price index (CPI)","All Items","Standard reference period (2010=100), Index","Quarterly","2022-Q4","132.4641689764215","Units"
"China, People's Republic of","Consumer price index (CPI)","All Items","Standard reference period (2010=100), Index","Quarterly","2023-Q1","132.7632816160457","Units"
"China, People's Republic of","Consumer price index (CPI)","All Items","Standard reference period (2010=100), Index","Quarterly","2023-Q2","131.8659436971732","Units"
"China, People's Republic of","Consumer price index (CPI)","All Items","Standard reference period (2010=100), Index","Quarterly","2023-Q3","132.2505170909757","Units"
"China, People's Republic of","Consumer price index (CPI)","All Items","Standard reference period (2010=100), Index","Quarterly","2023-Q4","132.0368652055298","Units"
"China, People's Republic of","Consumer price index (CPI)","All Items","Standard reference period (2010=100), Index","Quarterly","2024-Q1","132.7205512389565","Units"
"China, People's Republic of","Consumer price index (CPI)","All Items","Standard reference period (2010=100), Index","Quarterly","2024-Q2","132.1650563367973","Units"
"China, People's Republic of","Consumer price index (CPI)","All Items","Standard reference period (2010=100), Index","Quarterly","2024-Q3","132.8914727473132","Units"
"China, People's Republic of","Consumer price index (CPI)","All Items","Standard reference period (2010=100), Index","Quarterly","2024-Q4","132.2932474680649","Units"
